name,kanji,frame,stroke,lesson,studied
one,一,1,1,1,1
two,二,2,2,1,1
three,三,3,3,1,1
four,四,4,5,1,1
five,五,5,4,1,1
six,六,6,4,1,1
seven,七,7,2,1,1
eight,八,8,2,1,1
nine,九,9,2,1,1
ten,十,10,2,1,1
mouth,口,11,3,1,1
day,日,12,4,1,1
month,月,13,4,1,1
rice field,田,14,5,1,1
eye,目,15,5,1,1
old,古,16,5,2,1
I,吾,17,7,2,1
risk,冒,18,9,2,1
companion,朋,19,8,2,1
bright,明,20,8,2,1
chant,唱,21,11,2,1
sparkle,晶,22,12,2,1
goods,品,23,9,2,1
spine,呂,24,7,2,1
prosperous,昌,25,8,2,1
early,早,26,6,2,1
rising sun,旭,27,6,2,1
generation,世,28,5,2,1
stomach,胃,29,9,2,1
nightbreak,旦,30,5,2,1
gall bladder,胆,31,9,2,1
span,亘,32,6,2,1
concave,凹,33,5,2,1
convex,凸,34,5,2,1
olden times,旧,35,5,3,1
oneself,自,36,6,3,1
white,白,37,5,3,1
hundred,百,38,6,3,1
in,中,39,4,3,1
thousand,千,40,3,3,1
tongue,舌,41,6,3,1
measuring box,升,42,4,3,1
rise up,昇,43,8,3,1
round,丸,44,3,3,1
measurement,寸,45,3,3,1
elbow,肘,46,7,3,1
specialty,専,47,9,3,1
Dr.,博,48,12,3,1
fortune-telling,占,49,5,3,1
above,上,50,3,3,1
below,下,51,3,3,1
eminent,卓,52,8,3,1
morning,朝,53,12,3,1
derision,嘲,54,15,3,1
only,只,55,5,4,1
shellfish,貝,56,7,4,1
pop song,唄,57,10,4,1
upright,貞,58,9,4,1
employee,員,59,10,4,1
affix,貼,60,12,4,1
see,見,61,7,4,1
newborn babe,児,62,7,4,1
beginning,元,63,4,4,1
page,頁,64,9,4,1
stubborn,頑,65,13,4,1
mediocre,凡,66,3,4,1
defeat,負,67,9,4,1
ten thousand,万,68,3,4,1
phrase,句,69,5,4,1
texture,肌,70,6,4,1
decameron,旬,71,6,4,1
ladle,勺,72,3,4,1
bull's eye,的,73,8,4,1
neck,首,74,9,4,1
fish guts,乙,75,1,5,1
riot,乱,76,7,5,1
straightaway,直,77,8,5,1
tool,具,78,8,5,1
true,真,79,10,5,1
craft,工,80,3,5,1
left,左,81,5,5,1
right,右,82,5,5,1
possess,有,83,6,5,1
bribe,賄,84,13,5,1
tribute,貢,85,10,5,1
paragraph,項,86,12,5,1
sword,刀,87,2,5,1
blade,刃,88,3,5,1
cut,切,89,4,5,1
seduce,召,90,5,5,1
shining,昭,91,9,5,1
rule,則,92,9,5,1
vice-,副,93,11,5,1
separate,別,94,7,5,1
street,丁,95,2,5,1
village,町,96,7,5,1
can,可,97,5,5,1
place on the head,頂,98,11,5,1
child,子,99,3,6,1
cavity,孔,100,4,6,1
complete,了,101,2,6,1
woman,女,102,3,6,1
fond,好,103,6,6,1
likeness,如,104,6,6,1
mama,母,105,5,6,1
pierce,貫,106,11,6,1
elder brother,兄,107,5,6,1
curse,呪,108,8,6,0
overcome,克,109,7,6,0
little,小,110,3,7,1
few,少,111,4,7,1
large,大,112,3,7,1
many,多,113,6,7,1
evening,夕,114,3,7,1
eventide,汐,115,6,7,1
outside,外,116,5,7,1
name,名,117,6,7,1
stone,石,118,5,7,1
resemblance,肖,119,7,7,1
nitrate,硝,120,12,7,0
smash,砕,121,9,7,0
sand,砂,122,9,7,0
jealous,妬,123,8,7,0
plane,削,124,9,7,0
ray,光,125,6,7,0
plump,太,126,4,7,0
utensil,器,127,15,7,0
stinking,臭,128,9,7,0
sniff,嗅,129,13,7,0
exquisite,妙,130,7,7,0
focus,省,131,9,7,0
thick,厚,132,9,7,0
strange,奇,133,8,7,0
stream,川,134,3,8,0
state,州,135,6,8,0
obey,順,136,12,8,0
water,水,137,4,8,0
icicle,氷,138,5,8,0
eternity,永,139,5,8,0
spring,泉,140,9,8,0
gland,腺,141,13,8,0
meadow,原,142,10,8,0
petition,願,143,19,8,0
swim,泳,144,8,8,0
marsh,沼,145,8,8,0
open sea,沖,146,7,8,0
pan-,汎,147,6,8,0
creek,江,148,6,8,0
cleanse,汰,149,7,8,0
soup,汁,150,5,8,0
grains of sand,沙,151,7,8,0
tide,潮,152,15,8,0
source,源,153,13,8,0
lively,活,154,9,8,0
extinguish,消,155,10,8,0
but of course,況,156,8,8,0
river,河,157,8,8,0
overnight,泊,158,8,8,0
lake,湖,159,12,8,0
fathom,測,160,12,8,0
soil,土,161,3,8,0
spit,吐,162,6,8,0
pressure,圧,163,5,8,0
cape,埼,164,11,8,0
hedge,垣,165,9,8,0
stuff up,填,166,13,8,0
squared jewel,圭,167,6,8,0
seal,封,168,9,8,0
horizon,涯,169,11,8,0
Buddhist temple,寺,170,6,8,0
time,時,171,10,8,0
level,均,172,7,8,0
fire,火,173,4,8,0
inflammation,炎,174,8,8,0
anxiety,煩,175,13,8,0
thin,淡,176,11,8,0
lamp,灯,177,6,8,0
farm,畑,178,9,8,0
disaster,災,179,7,8,0
ashes,灰,180,6,8,0
spot,点,181,9,8,0
illuminate,照,182,13,8,0
fish,魚,183,11,8,0
fishing,漁,184,14,8,0
ri,里,185,7,9,0
black,黒,186,11,9,0
black ink,墨,187,14,9,0
carp,鯉,188,18,9,0
quantity,量,189,12,9,0
rin,厘,190,9,9,0
bury,埋,191,10,9,0
same,同,192,6,9,0
den,洞,193,9,9,0
trunk,胴,194,10,9,0
yonder,向,195,6,9,0
esteem,尚,196,8,9,0
character,字,197,6,9,0
guard,守,198,6,9,0
perfect,完,199,7,9,0
proclaim,宣,200,9,9,0
wee hours,宵,201,10,9,0
relax,安,202,6,9,0
banquet,宴,203,10,9,0
draw near,寄,204,11,9,0
wealth,富,205,12,9,0
savings,貯,206,12,9,0
tree,木,207,4,10,0
grove,林,208,8,10,0
forest,森,209,12,10,0
Japanese Judas-tree,桂,210,10,10,0
oak,柏,211,9,10,0
frame,枠,212,8,10,0
treetops,梢,213,11,10,0
shelf,棚,214,12,10,0
apricot,杏,215,7,10,0
paulownia,桐,216,10,10,0
plant,植,217,12,10,0
chair,椅,218,12,10,0
wither,枯,219,9,10,0
crude,朴,220,6,10,0
town,村,221,7,10,0
inter-,相,222,9,10,0
desk,机,223,6,10,0
book,本,224,5,10,0
tag,札,225,5,10,0
calendar,暦,226,14,10,0
plan,案,227,10,10,0
parch,燥,228,17,10,0
not yet,未,229,5,10,0
extremity,末,230,5,10,0
obscure,昧,231,9,10,0
splash,沫,232,8,10,0
flavor,味,233,8,10,0
younger sister,妹,234,8,10,0
vermilion,朱,235,6,10,0
stocks,株,236,10,10,0
young,若,237,8,10,0
grass,草,238,9,10,0
suffering,苦,239,8,10,0
bullying,苛,240,8,10,0
tolerant,寛,241,13,10,0
dilute,薄,242,16,10,0
leaf,葉,243,12,10,0
imitation,模,244,14,10,0
vague,漠,245,13,10,0
grave,墓,246,13,10,0
livelihood,暮,247,14,10,0
membrane,膜,248,14,10,0
seedling,苗,249,8,10,0
portent,兆,250,6,11,0
peach tree,桃,251,10,11,0
stare,眺,252,11,11,0
dog,犬,253,4,11,0
status quo,状,254,7,11,0
silence,黙,255,15,11,0
sort of thing,然,256,12,11,0
reed,荻,257,10,11,0
hunt,狩,258,9,11,0
cat,猫,259,11,11,0
cow,牛,260,4,11,0
special,特,261,10,11,0
revelation,告,262,7,11,0
before,先,263,6,11,0
wash,洗,264,9,11,0
jammed in,介,265,4,12,0
world,界,266,9,12,0
tea,茶,267,9,12,0
spinal column,脊,268,10,12,0
fit,合,269,6,12,0
pagoda,塔,270,12,12,0
king,王,271,4,12,0
jewel,玉,272,5,12,0
treasure,宝,273,8,12,0
pearl,珠,274,10,12,0
present,現,275,11,12,0
toy,玩,276,8,12,0
lunatic,狂,277,7,12,0
effulgent,旺,278,8,12,0
emperor,皇,279,9,12,0
display,呈,280,7,12,0
whole,全,281,6,12,0
plug,栓,282,10,12,0
logic,理,283,11,12,0
lord,主,284,5,12,0
pour,注,285,8,12,0
pillar,柱,286,9,12,0
gold,金,287,8,12,0
pig iron,銑,288,14,12,0
bowl,鉢,289,13,12,0
copper,銅,290,14,12,0
angling,釣,291,11,12,0
needle,針,292,10,12,0
inscription,銘,293,14,12,0
tranquillize,鎮,294,18,12,0
road-way,道,295,12,13,0
guidance,導,296,15,13,0
crossing,辻,297,5,13,0
swift,迅,298,6,13,0
create,造,299,10,13,0
urge,迫,300,8,13,0
escape,逃,301,9,13,0
environs,辺,302,5,13,0
patrol,巡,303,6,13,0
car,車,304,7,13,0
take along,連,305,10,13,0
rut,軌,306,9,13,0
transport,輸,307,16,13,0
metaphor,喩,308,12,13,0
in front,前,309,9,13,0
roast,煎,310,13,13,0
each,各,311,6,13,0
status,格,312,10,13,0
graft,賂,313,13,13,0
abbreviation,略,314,11,13,0
guest,客,315,9,13,0
forehead,額,316,18,13,0
summer,夏,317,10,13,0
dispose,処,318,5,13,0
twig,条,319,7,13,0
fall,落,320,12,13,0
superfluous,冗,321,4,14,0
Hades,冥,322,10,14,0
army,軍,323,9,14,0
radiance,輝,324,15,14,0
carry,運,325,12,14,0
crown,冠,326,9,14,0
dream,夢,327,13,14,0
pit,坑,328,7,14,0
tall,高,329,10,14,0
receive,享,330,8,14,0
cram school,塾,331,14,14,0
mellow,熟,332,15,14,0
pavilion,亭,333,9,14,0
capital,京,334,8,14,0
refreshing,涼,335,11,14,0
scenery,景,336,12,14,0
whale,鯨,337,19,14,0
cottage,舎,338,8,14,0
circumference,周,339,8,14,0
week,週,340,11,14,0
gentleman,士,341,3,14,0
good luck,吉,342,6,14,0
robust,壮,343,6,14,0
villa,荘,344,9,14,0
sell,売,345,7,14,0
study,学,346,8,15,0
memorize,覚,347,12,15,0
flourish,栄,348,9,15,0
write,書,349,10,15,0
haven,津,350,9,15,0
breed,牧,351,8,15,0
aggression,攻,352,7,15,0
failure,敗,353,11,15,0
a sheet of,枚,354,8,15,0
happenstance,故,355,9,15,0
awe,敬,356,12,15,0
say,言,357,7,15,0
admonish,警,358,19,15,0
plot,計,359,9,15,0
elucidate,詮,360,13,15,0
prison,獄,361,14,15,0
revise,訂,362,9,15,0
obituary,訃,363,9,15,0
chastise,討,364,10,15,0
instruction,訓,365,10,15,0
imperial edict,詔,366,12,15,0
packed,詰,367,13,15,0
tale,話,368,13,15,0
recitation,詠,369,12,15,0
poem,詩,370,13,15,0
word,語,371,14,15,0
read,読,372,14,15,0
tune,調,373,15,15,0
discuss,談,374,15,15,0
consent,諾,375,15,15,0
rebuke,諭,376,16,15,0
style,式,377,6,16,0
test,試,378,13,16,0
II (two),弐,379,6,16,0
range,域,380,11,16,0
burglar,賊,381,13,16,0
plantation,栽,382,10,16,0
load,載,383,13,16,0
overgrown,茂,384,8,16,0
relatives,戚,385,11,16,0
turn into,成,386,6,16,0
castle,城,387,9,16,0
sincerity,誠,388,13,16,0
intimidate,威,389,9,16,0
destroy,滅,390,13,16,0
dwindle,減,391,12,16,0
revile,蔑,392,14,16,0
scaffold,桟,393,10,16,0
coin,銭,394,14,16,0
shallow,浅,395,9,16,0
stop,止,396,4,17,0
walk,歩,397,8,17,0
ford,渉,398,11,17,0
repeatedly,頻,399,17,17,0
agreement,肯,400,8,17,0
undertake,企,401,6,17,0
curriculum,歴,402,14,17,0
warrior,武,403,8,17,0
levy,賦,404,15,17,0
correct,正,405,5,17,0
evidence,証,406,12,17,0
politics,政,407,9,17,0
determine,定,408,8,17,0
lock,錠,409,16,17,0
run,走,410,7,17,0
transcend,超,411,12,17,0
proceed,赴,412,9,17,0
surpass,越,413,12,17,0
just so,是,414,9,17,0
topic,題,415,18,17,0
dike,堤,416,12,17,0
build,建,417,9,17,0
key,鍵,418,17,17,0
prolong,延,419,8,17,0
nativity,誕,420,15,17,0
cornerstone,礎,421,18,17,0
bridegroom,婿,422,12,17,0
garment,衣,423,6,18,0
tailor,裁,424,12,18,0
attire,装,425,12,18,0
back,裏,426,13,18,0
demolition,壊,427,16,18,0
pathetic,哀,428,9,18,0
distant,遠,429,13,18,0
monkey,猿,430,13,18,0
first time,初,431,7,18,0
towel,巾,432,3,18,0
linen,布,433,5,18,0
sail,帆,434,6,18,0
hanging scroll,幅,435,12,18,0
cap,帽,436,12,18,0
curtain,幕,437,13,18,0
canopy,幌,438,13,18,0
brocade,錦,439,16,18,0
market,市,440,5,18,0
persimmon,柿,441,9,18,0
elder sister,姉,442,8,18,0
lungs,肺,443,9,18,0
sash,帯,444,10,18,0
stagnate,滞,445,13,18,0
thorn,刺,446,8,18,0
system,制,447,8,18,0
made in...,製,448,14,18,0
revolve,転,449,11,18,0
technique,芸,450,7,18,0
rain,雨,451,8,18,0
cloud,雲,452,12,18,0
cloudy weather,曇,453,16,18,0
thunder,雷,454,13,18,0
frost,霜,455,17,18,0
winter,冬,456,5,18,0
heavens,天,457,4,18,0
bewitched,妖,458,7,18,0
irrigate,沃,459,7,18,0
bridge,橋,460,16,18,0
attractive,嬌,461,15,18,0
stand up,立,462,5,18,0
cry,泣,463,8,18,0
badge,章,464,11,18,0
vie,競,465,20,18,0
sovereign,帝,466,9,18,0
renunciation,諦,467,16,18,0
juvenile,童,468,12,18,0
pupil,瞳,469,17,18,0
bell,鐘,470,20,18,0
make a deal,商,471,11,18,0
legitimate wife,嫡,472,14,18,0
suitable,適,473,14,18,0
drip,滴,474,14,18,0
enemy,敵,475,15,18,0
spoon,匕,476,2,18,0
scold,叱,477,5,18,0
aroma,匂,478,4,18,0
about that time,頃,479,11,18,0
north,北,480,5,18,0
stature,背,481,9,18,0
compare,比,482,4,18,0
descendants,昆,483,8,18,0
all,皆,484,9,18,0
block letters,楷,485,13,18,0
orderliness,諧,486,16,18,0
mix,混,487,11,18,0
thirst,渇,488,11,18,0
audience,謁,489,15,18,0
brown,褐,490,13,18,0
hoarse,喝,491,11,18,0
kudzu,葛,492,11,18,0
delicious,旨,493,6,18,0
fat,脂,494,10,18,0
visit a shrine,詣,495,13,18,0
I (one),壱,496,7,18,0
every,毎,497,6,18,0
cleverness,敏,498,10,18,0
plum,梅,499,10,18,0
sea,海,500,9,18,0
beg,乞,501,3,18,0
drought,乾,502,11,18,0
abdomen,腹,503,13,18,0
duplicate,複,504,14,18,0
lack,欠,505,4,18,0
blow,吹,506,7,18,0
cook,炊,507,8,18,0
song,歌,508,14,18,0
soft,軟,509,11,18,0
next,次,510,6,18,0
briar,茨,511,9,18,0
assets,資,512,13,18,0
figure,姿,513,9,18,0
consult with,諮,514,16,18,0
compensation,賠,515,15,19,0
cultivate,培,516,11,19,0
divide,剖,517,10,19,0
sound,音,518,9,19,0
darkness,暗,519,13,19,0
rhyme,韻,520,19,19,0
discriminating,識,521,19,19,0
mirror,鏡,522,19,19,0
boundary,境,523,14,19,0
deceased,亡,524,3,19,0
blind,盲,525,8,19,0
delusion,妄,526,6,19,0
laid waste,荒,527,9,19,0
ambition,望,528,11,19,0
direction,方,529,4,19,0
disturb,妨,530,7,19,0
boy,坊,531,7,19,0
perfumed,芳,532,7,19,0
obese,肪,533,8,19,0
call on,訪,534,11,19,0
set free,放,535,8,19,0
violent,激,536,16,19,0
undress,脱,537,11,19,0
explanation,説,538,14,19,0
pointed,鋭,539,15,19,0
formerly,曽,540,11,19,0
increase,増,541,14,19,0
presents,贈,542,18,19,0
east,東,543,8,19,0
ridgepole,棟,544,12,19,0
frozen,凍,545,10,19,0
pregnancy,妊,546,7,19,0
courts,廷,547,7,19,0
dye,染,548,9,20,0
burn,燃,549,16,20,0
V.I.P.,賓,550,15,20,0
year-end,歳,551,13,20,0
prefecture,県,552,9,20,0
horse chestnut,栃,553,9,20,0
ground,地,554,6,21,0
pond,池,555,6,21,0
insect,虫,556,6,21,0
lightning bug,蛍,557,11,21,0
snake,蛇,558,11,21,0
rainbow,虹,559,9,21,0
butterfly,蝶,560,15,21,0
single,独,561,9,21,0
silkworm,蚕,562,10,21,0
wind,風,563,9,21,0
self,己,564,3,21,0
rouse,起,565,10,21,0
queen,妃,566,6,21,0
reformation,改,567,7,21,0
scribe,記,568,10,21,0
wrap,包,569,5,21,0
placenta,胞,570,9,21,0
cannon,砲,571,10,21,0
bubble,泡,572,8,21,0
tortoise,亀,573,11,21,0
electricity,電,574,13,21,0
dragon,竜,575,10,21,0
waterfall,滝,576,13,21,0
pork,豚,577,11,21,0
pursue,逐,578,10,21,0
consummate,遂,579,12,21,0
house,家,580,10,21,0
marry into,嫁,581,13,21,0
overpowering,豪,582,14,21,0
intestines,腸,583,13,21,0
location,場,584,12,21,0
hot water,湯,585,12,21,0
sheep,羊,586,6,21,0
beauty,美,587,9,21,0
ocean,洋,588,9,21,0
detailed,詳,589,13,21,0
fresh,鮮,590,17,21,0
accomplished,達,591,12,21,0
envious,羨,592,13,21,0
distinction,差,593,10,21,0
don,着,594,12,21,0
solely,唯,595,11,21,0
piled high,堆,596,11,21,0
sweet oak,椎,597,12,21,0
who?,誰,598,15,21,0
char,焦,599,12,21,0
reef,礁,600,17,21,0
gather,集,601,12,21,0
quasi-,准,602,10,21,0
advance,進,603,11,21,0
miscellaneous,雑,604,14,21,0
female,雌,605,14,21,0
semi-,準,606,13,21,0
stirred up,奮,607,16,21,0
rob,奪,608,14,21,0
assurance,確,609,15,21,0
noon,午,610,4,21,0
permit,許,611,11,21,0
delight,歓,612,15,21,0
authority,権,613,15,21,0
outlook,観,614,18,21,0
feathers,羽,615,6,21,0
learn,習,616,11,21,0
the following,翌,617,11,21,0
weekday,曜,618,18,21,0
laundry,濯,619,17,21,0
sayeth,曰,620,4,22,0
quandary,困,621,7,22,0
harden,固,622,8,22,0
weld,錮,623,16,22,0
country,国,624,8,22,0
group,団,625,6,22,0
cause,因,626,6,22,0
matrimony,姻,627,9,22,0
windpipe,咽,628,9,22,0
park,園,629,13,22,0
-times,回,630,6,22,0
podium,壇,631,16,22,0
store,店,632,8,22,0
warehouse,庫,633,10,22,0
courtyard,庭,634,10,22,0
government office,庁,635,5,22,0
bed,床,636,7,22,0
hemp,麻,637,11,22,0
grind,磨,638,16,22,0
heart,心,639,4,22,0
forget,忘,640,7,22,0
selfish,恣,641,10,22,0
endure,忍,642,7,22,0
acknowledge,認,643,14,22,0
mourning,忌,644,7,22,0
intention,志,645,7,22,0
document,誌,646,14,22,0
wick,芯,647,7,22,0
loyalty,忠,648,8,22,0
shish kebab,串,649,7,22,0
afflicted,患,650,11,22,0
think,思,651,9,22,0
grace,恩,652,10,22,0
apply,応,653,7,22,0
idea,意,654,13,22,0
cowardice,臆,655,17,22,0
concept,想,656,13,22,0
breath,息,657,10,22,0
recess,憩,658,16,22,0
favor,恵,659,10,22,0
fear,恐,660,10,22,0
beguile,惑,661,12,22,0
emotion,感,662,13,22,0
melancholy,憂,663,15,22,0
widow,寡,664,14,22,0
busy,忙,665,6,22,0
ecstasy,悦,666,10,22,0
constancy,恒,667,9,22,0
lament,悼,668,11,22,0
enlightenment,悟,669,10,22,0
dreadful,怖,670,8,22,0
disconcerted,慌,671,12,22,0
repent,悔,672,9,22,0
hate,憎,673,14,22,0
accustomed,慣,674,14,22,0
pleasure,愉,675,12,22,0
lazy,惰,676,12,22,0
humility,慎,677,13,22,0
remorse,憾,678,16,22,0
recollection,憶,679,16,22,0
disquieting,惧,680,11,22,0
yearn,憧,681,15,22,0
hanker,憬,682,15,22,0
pining,慕,683,14,22,0
annexed,添,684,11,22,0
invariably,必,685,5,22,0
ooze,泌,686,8,22,0
hand,手,687,4,23,0
watch over,看,688,9,23,0
chafe,摩,689,15,23,0
ego,我,690,7,23,0
righteousness,義,691,13,23,0
deliberation,議,692,20,23,0
sacrifice,犠,693,17,23,0
rub,抹,694,8,23,0
wipe,拭,695,9,23,0
yank,拉,696,8,23,0
embrace,抱,697,8,23,0
board,搭,698,12,23,0
extract,抄,699,7,23,0
confront,抗,700,7,23,0
criticism,批,701,7,23,0
beckon,招,702,8,23,0
clear the land,拓,703,8,23,0
clap,拍,704,8,23,0
strike,打,705,5,23,0
arrest,拘,706,8,23,0
discard,捨,707,11,23,0
kidnap,拐,708,8,23,0
pinch,摘,709,14,23,0
challenge,挑,710,9,23,0
finger,指,711,9,23,0
hold,持,712,9,23,0
imminent,拶,713,9,23,0
fasten,括,714,9,23,0
brandish,揮,715,12,23,0
conjecture,推,716,11,23,0
hoist,揚,717,12,23,0
propose,提,718,12,23,0
damage,損,719,13,23,0
pick up,拾,720,9,23,0
shouldering,担,721,8,23,0
foothold,拠,722,8,23,0
sketch,描,723,11,23,0
maneuver,操,724,16,23,0
touch,接,725,11,23,0
put up a notice,掲,726,11,23,0
hang,掛,727,11,23,0
make headway,捗,728,11,23,0
polish,研,729,9,23,0
commandment,戒,730,7,23,0
tinker with,弄,731,7,23,0
contraption,械,732,11,23,0
nose,鼻,733,14,23,0
punish,刑,734,6,23,0
mould,型,735,9,23,0
genius,才,736,3,23,0
property,財,737,10,23,0
lumber,材,738,7,23,0
suppose,存,739,6,23,0
exist,在,740,6,23,0
from,乃,741,2,23,0
portable,携,742,13,23,0
reach out,及,743,3,23,0
suck,吸,744,6,23,0
handle,扱,745,6,23,0
length,丈,746,3,23,0
history,史,747,5,23,0
officer,吏,748,6,23,0
grow late,更,749,7,23,0
stiff,硬,750,12,23,0
spiny,梗,751,11,23,0
or again,又,752,2,23,0
pair,双,753,4,23,0
mulberry,桑,754,10,23,0
vessels,隻,755,10,23,0
safeguard,護,756,20,23,0
seize,獲,757,16,23,0
guy,奴,758,5,23,0
angry,怒,759,9,23,0
friend,友,760,4,23,0
slip out,抜,761,7,23,0
throw,投,762,7,23,0
drown,没,763,7,23,0
thigh,股,764,8,23,0
establishment,設,765,11,23,0
beat,撃,766,15,23,0
husk,殻,767,11,23,0
branch,支,768,4,23,0
skill,技,769,7,23,0
bough,枝,770,8,23,0
limb,肢,771,8,23,0
stalk,茎,772,8,23,0
suspicious,怪,773,8,23,0
lightly,軽,774,12,23,0
uncle,叔,775,8,23,0
coach,督,776,13,23,0
loneliness,寂,777,11,23,0
graceful,淑,778,11,23,0
anti-,反,779,4,23,0
slope,坂,780,7,23,0
plank,板,781,8,23,0
return,返,782,7,23,0
marketing,販,783,11,23,0
claw,爪,784,4,23,0
gentle,妥,785,7,23,0
milk,乳,786,8,23,0
floating,浮,787,10,23,0
lewd,淫,788,11,23,0
leader,将,789,10,23,0
exhort,奨,790,13,23,0
grab,采,791,8,23,0
pick,採,792,11,23,0
vegetable,菜,793,11,23,0
accept,受,794,8,23,0
impart,授,795,11,23,0
love,愛,796,13,23,0
unclear,曖,797,17,23,0
pay,払,798,5,23,0
wide,広,799,5,23,0
hooked,勾,800,4,23,0
broaden,拡,801,8,23,0
mineral,鉱,802,13,23,0
valve,弁,803,5,23,0
male,雄,804,12,23,0
pedestal,台,805,5,23,0
neglect,怠,806,9,23,0
reign,治,807,8,23,0
metallurgy,冶,808,7,23,0
commence,始,809,8,23,0
womb,胎,810,9,23,0
window,窓,811,11,23,0
gone,去,812,5,23,0
method,法,813,8,23,0
meeting,会,814,6,23,0
climax,至,815,6,23,0
room,室,816,9,23,0
arrival,到,817,8,23,0
doth,致,818,10,23,0
mutually,互,819,4,23,0
abandon,棄,820,13,23,0
bring up,育,821,8,23,0
remove,撤,822,15,23,0
allot,充,823,6,23,0
gun,銃,824,14,23,0
sulfur,硫,825,12,23,0
current,流,826,10,23,0
license,允,827,4,23,0
tempt,唆,828,10,23,0
exit,出,829,5,24,0
mountain,山,830,3,24,0
bungling,拙,831,8,24,0
boulder,岩,832,8,24,0
charcoal,炭,833,9,24,0
branch off,岐,834,7,24,0
mountain pass,峠,835,9,24,0
crumble,崩,836,11,24,0
secrecy,密,837,11,24,0
honey,蜜,838,14,24,0
storm,嵐,839,12,24,0
promontory,崎,840,11,24,0
bluffs,崖,841,11,24,0
enter,入,842,2,24,0
crowded,込,843,5,24,0
part,分,844,4,24,0
poverty,貧,845,11,24,0
partition,頒,846,13,24,0
public,公,847,4,24,0
pine tree,松,848,8,24,0
venerable old man,翁,849,10,24,0
sue,訟,850,11,24,0
valley,谷,851,7,24,0
bathe,浴,852,10,24,0
contain,容,853,10,24,0
melt,溶,854,13,24,0
longing,欲,855,11,24,0
abundant,裕,856,12,24,0
lead (metal),鉛,857,13,24,0
run alongside,沿,858,8,24,0
prize,賞,859,15,25,0
party,党,860,10,25,0
hall,堂,861,11,25,0
usual,常,862,11,25,0
skirt,裳,863,14,25,0
manipulate,掌,864,12,25,0
pelt,皮,865,5,25,0
waves,波,866,8,25,0
old woman,婆,867,11,25,0
expose,披,868,8,25,0
rend,破,869,10,25,0
incur,被,870,10,25,0
remainder,残,871,10,25,0
martyrdom,殉,872,10,25,0
particularly,殊,873,10,25,0
augment,殖,874,12,25,0
file,列,875,6,25,0
split,裂,876,12,25,0
ardent,烈,877,10,25,0
death,死,878,6,25,0
interment,葬,879,12,25,0
wink,瞬,880,18,25,0
ear,耳,881,6,25,0
take,取,882,8,25,0
gist,趣,883,15,25,0
utmost,最,884,12,25,0
snapshot,撮,885,15,25,0
shame,恥,886,10,25,0
post,職,887,18,25,0
holy,聖,888,13,25,0
daring,敢,889,12,25,0
listen,聴,890,17,25,0
pocket,懐,891,16,25,0
ridicule,慢,892,14,25,0
loose,漫,893,14,25,0
buy,買,894,12,25,0
placement,置,895,13,25,0
penalty,罰,896,14,25,0
rather,寧,897,14,25,0
voiced,濁,898,16,25,0
ring,環,899,17,25,0
send back,還,900,16,25,0
husband,夫,901,4,25,0
aid,扶,902,7,25,0
mountain stream,渓,903,11,25,0
standard,規,904,11,25,0
exchange,替,905,12,25,0
approve,賛,906,15,25,0
submerge,潜,907,15,25,0
lose,失,908,5,25,0
iron,鉄,909,13,25,0
alternate,迭,910,8,25,0
retainer,臣,911,7,25,0
princess,姫,912,10,25,0
storehouse,蔵,913,15,25,0
entrails,臓,914,19,25,0
intelligent,賢,915,16,25,0
kidney,腎,916,13,25,0
strict,堅,917,12,25,0
look to,臨,918,18,25,0
perusal,覧,919,17,25,0
gigantic,巨,920,5,25,0
repel,拒,921,8,25,0
power,力,922,2,25,0
man,男,923,7,25,0
labor,労,924,7,25,0
recruit,募,925,12,25,0
inferiority,劣,926,6,25,0
achievement,功,927,5,25,0
persuade,勧,928,13,25,0
toil,努,929,7,25,0
uprising,勃,930,9,25,0
encourage,励,931,7,25,0
add,加,932,5,25,0
congratulations,賀,933,12,25,0
erect,架,934,9,25,0
armpit,脇,935,10,25,0
threaten,脅,936,10,25,0
co-,協,937,8,25,0
going,行,938,6,25,0
rhythm,律,939,9,25,0
restore,復,940,12,25,0
gain,得,941,11,25,0
accompany,従,942,10,25,0
junior,徒,943,10,25,0
wait,待,944,9,25,0
journey,往,945,8,25,0
subjugate,征,946,8,25,0
diameter,径,947,8,25,0
he,彼,948,8,25,0
duty,役,949,7,25,0
benevolence,徳,950,14,25,0
penetrate,徹,951,15,25,0
indications,徴,952,14,25,0
penal,懲,953,18,25,0
delicate,微,954,13,25,0
boulevard,街,955,12,25,0
girder,桁,956,10,25,0
equilibrium,衡,957,16,25,0
draft,稿,958,15,26,0
earnings,稼,959,15,26,0
extent,程,960,12,26,0
tax,税,961,12,26,0
immature,稚,962,13,26,0
harmony,和,963,8,26,0
shift,移,964,11,26,0
second,秒,965,9,26,0
autumn,秋,966,9,26,0
distress,愁,967,13,26,0
private,私,968,7,26,0
regularity,秩,969,10,26,0
secret,秘,970,10,26,0
appellation,称,971,10,26,0
profit,利,972,7,26,0
pear tree,梨,973,11,26,0
harvest,穫,974,18,26,0
ear of a plant,穂,975,15,26,0
rice plant,稲,976,14,26,0
incense,香,977,9,26,0
seasons,季,978,8,26,0
committee,委,979,8,26,0
excel,秀,980,7,26,0
transparent,透,981,10,26,0
entice,誘,982,14,26,0
training,稽,983,15,26,0
cereals,穀,984,14,26,0
germ,菌,985,11,26,0
numb,萎,986,11,26,0
rice,米,987,6,26,0
flour,粉,988,10,26,0
sticky,粘,989,11,26,0
grains,粒,990,11,26,0
cosmetics,粧,991,12,26,0
astray,迷,992,9,26,0
chic,粋,993,10,26,0
riddle,謎,994,16,26,0
provisions,糧,995,18,26,0
chrysanthemum,菊,996,11,26,0
core,奥,997,12,26,0
number,数,998,13,26,0
watchtower,楼,999,13,26,0
sort,類,1000,18,26,0
lacquer,漆,1001,14,26,0
knee,膝,1002,15,26,0
Esq.,様,1003,14,26,0
request,求,1004,7,26,0
ball,球,1005,11,26,0
salvation,救,1006,11,26,0
bamboo,竹,1007,6,26,0
laugh,笑,1008,10,26,0
bamboo hat,笠,1009,11,26,0
bamboo grass,笹,1010,11,26,0
stationary,箋,1011,14,26,0
muscle,筋,1012,12,26,0
box,箱,1013,15,26,0
writing brush,筆,1014,12,26,0
cylinder,筒,1015,12,26,0
etc.,等,1016,12,26,0
calculate,算,1017,14,26,0
solution,答,1018,12,26,0
scheme,策,1019,12,26,0
register,簿,1020,19,26,0
fabricate,築,1021,16,26,0
basket,篭,1022,16,26,0
person,人,1023,2,27,0
assistant,佐,1024,7,27,0
partner,侶,1025,9,27,0
however,但,1026,7,27,0
dwell,住,1027,7,27,0
rank,位,1028,7,27,0
go-between,仲,1029,6,27,0
body,体,1030,7,27,0
remote,悠,1031,11,27,0
affair,件,1032,6,27,0
attend,仕,1033,5,27,0
other,他,1034,5,27,0
prostrated,伏,1035,6,27,0
transmit,伝,1036,6,27,0
Buddha,仏,1037,4,27,0
rest,休,1038,6,27,0
provisional,仮,1039,6,27,0
performing artist,伎,1040,6,27,0
chief,伯,1041,7,27,0
vulgar,俗,1042,9,27,0
faith,信,1043,9,27,0
excellent,佳,1044,8,27,0
reliant,依,1045,8,27,0
example,例,1046,8,27,0
individual,個,1047,10,27,0
healthy,健,1048,11,27,0
side,側,1049,11,27,0
waiter,侍,1050,8,27,0
halt,停,1051,11,27,0
price,値,1052,10,27,0
emulate,倣,1053,10,27,0
arrogance,傲,1054,13,27,0
overthrow,倒,1055,10,27,0
spy,偵,1056,11,27,0
Buddhist priest,僧,1057,13,27,0
hundred million,億,1058,15,27,0
ceremony,儀,1059,15,27,0
reparation,償,1060,17,27,0
hermit,仙,1061,5,27,0
sponsor,催,1062,13,27,0
humanity,仁,1063,4,27,0
scorn,侮,1064,8,27,0
use,使,1065,8,27,0
convenience,便,1066,9,27,0
double,倍,1067,10,27,0
tenderness,優,1068,17,27,0
fell,伐,1069,6,27,0
inn,宿,1070,11,27,0
wound,傷,1071,13,27,0
protect,保,1072,9,27,0
praise,褒,1073,15,27,0
greatness,傑,1074,13,27,0
adhere,付,1075,5,27,0
token,符,1076,11,27,0
municipality,府,1077,8,27,0
responsibility,任,1078,6,27,0
fare,賃,1079,13,27,0
substitute,代,1080,5,27,0
sack,袋,1081,11,27,0
lend,貸,1082,12,27,0
change,化,1083,4,27,0
flower,花,1084,7,27,0
freight,貨,1085,11,27,0
lean,傾,1086,13,27,0
what,何,1087,7,27,0
baggage,荷,1088,10,27,0
sagacious,俊,1089,9,27,0
bystander,傍,1090,12,27,0
myself,俺,1091,10,27,0
long time,久,1092,3,27,0
furrow,畝,1093,10,27,0
captured,囚,1094,5,27,0
inside,内,1095,4,27,0
third class,丙,1096,5,27,0
design,柄,1097,9,27,0
meat,肉,1098,6,27,0
rot,腐,1099,14,27,0
sit,座,1100,10,27,0
sprain,挫,1101,10,27,0
graduate,卒,1102,8,27,0
umbrella,傘,1103,12,27,0
monme,匁,1104,4,28,0
by means of,以,1105,5,28,0
similar,似,1106,7,28,0
join,併,1107,8,28,0
tile,瓦,1108,5,28,0
flower pot,瓶,1109,11,28,0
Shinto shrine,宮,1110,10,28,0
occupation,営,1111,12,28,0
virtuous,善,1112,12,28,0
dining tray,膳,1113,16,28,0
year,年,1114,6,28,0
night,夜,1115,8,28,0
fluid,液,1116,11,28,0
hillock,塚,1117,12,28,0
cash,幣,1118,15,28,0
cover over,蔽,1119,15,28,0
abuse,弊,1120,15,28,0
yell,喚,1121,12,28,0
interchange,換,1122,12,28,0
dissolve,融,1123,16,28,0
alms,施,1124,9,29,0
rotation,旋,1125,11,29,0
play,遊,1126,12,29,0
trip,旅,1127,10,29,0
not,勿,1128,4,29,0
thing,物,1129,8,29,0
easy,易,1130,8,29,0
grant,賜,1131,15,29,0
urine,尿,1132,7,29,0
nun,尼,1133,5,29,0
buttocks,尻,1134,5,29,0
mud,泥,1135,8,29,0
fence,塀,1136,12,29,0
footgear,履,1137,15,29,0
roof,屋,1138,9,29,0
grip,握,1139,12,29,0
yield,屈,1140,8,29,0
dig,掘,1141,11,29,0
ditch,堀,1142,11,29,0
reside,居,1143,8,29,0
set,据,1144,11,29,0
hem,裾,1145,13,29,0
stratum,層,1146,14,29,0
bureau,局,1147,7,29,0
slow,遅,1148,12,29,0
leak,漏,1149,14,29,0
printing,刷,1150,8,29,0
shaku,尺,1151,4,29,0
exhaust,尽,1152,6,29,0
swamp,沢,1153,7,29,0
translate,訳,1154,11,29,0
choose,択,1155,7,29,0
daytime,昼,1156,9,29,0
door,戸,1157,4,29,0
shoulder,肩,1158,8,29,0
tassel,房,1159,8,29,0
fan,扇,1160,10,29,0
hearth,炉,1161,8,29,0
re-,戻,1162,7,29,0
tears,涙,1163,10,29,0
employ,雇,1164,12,29,0
look back,顧,1165,21,29,0
disclose,啓,1166,11,29,0
show,示,1167,5,30,0
salutation,礼,1168,5,30,0
auspicious,祥,1169,10,30,0
celebrate,祝,1170,9,30,0
blessing,福,1171,13,30,0
welfare,祉,1172,8,30,0
company,社,1173,7,30,0
inspection,視,1174,11,30,0
Nara,奈,1175,8,30,0
military officer,尉,1176,11,30,0
consolation,慰,1177,15,30,0
goodwill,款,1178,12,30,0
prohibition,禁,1179,13,30,0
collar,襟,1180,18,30,0
religion,宗,1181,8,30,0
adore,崇,1182,11,30,0
ritual,祭,1183,11,30,0
guess,察,1184,14,30,0
grate,擦,1185,17,30,0
wherefore,由,1186,5,30,0
pluck,抽,1187,8,30,0
oil,油,1188,8,30,0
sleeve,袖,1189,10,30,0
mid-air,宙,1190,8,30,0
deliver,届,1191,8,30,0
flute,笛,1192,11,30,0
axis,軸,1193,12,30,0
armor,甲,1194,5,30,0
push,押,1195,8,30,0
headland,岬,1196,8,30,0
insert,挿,1197,10,30,0
speaketh,申,1198,5,30,0
expand,伸,1199,7,30,0
gods,神,1200,9,30,0
search,捜,1201,10,30,0
fruit,果,1202,8,30,0
confectionary,菓,1203,11,30,0
chapter,課,1204,15,30,0
naked,裸,1205,13,30,0
ax,斤,1206,4,31,0
chop,析,1207,8,31,0
place,所,1208,8,31,0
pray,祈,1209,8,31,0
near,近,1210,7,31,0
fold,折,1211,7,31,0
philosophy,哲,1212,10,31,0
departed,逝,1213,10,31,0
vow,誓,1214,14,31,0
chop off,斬,1215,11,31,0
temporarily,暫,1216,15,31,0
steadily,漸,1217,14,31,0
severance,断,1218,11,31,0
substance,質,1219,15,31,0
reject,斥,1220,5,31,0
accusation,訴,1221,12,31,0
yesterday,昨,1222,9,31,0
lie,詐,1223,12,31,0
make,作,1224,7,31,0
snow,雪,1225,11,31,0
record,録,1226,16,31,0
peel off,剥,1227,10,31,0
inquire,尋,1228,12,31,0
hurry,急,1229,9,31,0
calm,穏,1230,16,31,0
encroach,侵,1231,9,31,0
immersed,浸,1232,10,31,0
lie down,寝,1233,13,31,0
lady,婦,1234,11,31,0
sweep,掃,1235,11,31,0
hit,当,1236,6,31,0
glossary,彙,1237,13,31,0
contend,争,1238,6,31,0
clean,浄,1239,9,31,0
matter,事,1240,8,31,0
T'ang,唐,1241,10,31,0
sugar,糖,1242,16,31,0
sane,康,1243,11,31,0
apprehend,逮,1244,11,31,0
Italy,伊,1245,6,31,0
old boy,君,1246,7,31,0
flock,群,1247,13,31,0
-proof,耐,1248,9,31,0
demand,需,1249,14,31,0
Confucian,儒,1250,16,31,0
edge,端,1251,14,31,0
both,両,1252,6,31,0
full,満,1253,12,31,0
brush-stroke,画,1254,8,31,0
tooth,歯,1255,12,31,0
bend,曲,1256,6,31,0
cadet,曹,1257,11,31,0
encounter,遭,1258,14,31,0
rowing,漕,1259,14,31,0
vat,槽,1260,15,31,0
Big Dipper,斗,1261,4,31,0
fee,料,1262,10,31,0
department,科,1263,9,31,0
map,図,1264,7,31,0
utilize,用,1265,5,31,0
comfortable,庸,1266,11,31,0
equip,備,1267,12,31,0
once upon a time,昔,1268,8,32,0
confused,錯,1269,16,32,0
borrow,借,1270,10,32,0
pity,惜,1271,11,32,0
set aside,措,1272,11,32,0
scatter,散,1273,12,32,0
twenty,廿,1274,4,32,0
commoner,庶,1275,11,32,0
intercept,遮,1276,14,32,0
seat,席,1277,10,32,0
degrees,度,1278,9,32,0
transit,渡,1279,12,32,0
bustle,奔,1280,8,32,0
erupt,噴,1281,15,32,0
tomb,墳,1282,15,32,0
aroused,憤,1283,15,32,0
bake,焼,1284,12,32,0
daybreak,暁,1285,12,32,0
half,半,1286,5,32,0
consort,伴,1287,7,32,0
paddy ridge,畔,1288,10,32,0
judgment,判,1289,7,32,0
fist,拳,1290,10,32,0
ticket,券,1291,8,32,0
scroll,巻,1292,9,32,0
sphere,圏,1293,12,32,0
victory,勝,1294,12,32,0
wisteria,藤,1295,18,32,0
facsimilie,謄,1296,17,32,0
one-sided,片,1297,4,32,0
printing block,版,1298,8,32,0
of,之,1299,3,32,0
destitution,乏,1300,4,32,0
turf,芝,1301,6,32,0
negative,不,1302,4,32,0
negate,否,1303,7,32,0
cupfuls,杯,1304,8,32,0
dart,矢,1305,5,33,0
rectify,矯,1306,17,33,0
tribe,族,1307,11,33,0
know,知,1308,8,33,0
wisdom,智,1309,12,33,0
shove,挨,1310,10,33,0
halberd,矛,1311,5,33,0
tender,柔,1312,9,33,0
task,務,1313,11,33,0
fog,霧,1314,19,33,0
squad,班,1315,10,33,0
homecoming,帰,1316,10,33,0
bow,弓,1317,3,33,0
pull,引,1318,4,33,0
condolences,弔,1319,4,33,0
vast,弘,1320,5,33,0
strong,強,1321,11,33,0
more and more,弥,1322,8,33,0
weak,弱,1323,10,33,0
drowning,溺,1324,13,33,0
seethe,沸,1325,8,33,0
expense,費,1326,12,33,0
No.,第,1327,11,33,0
younger brother,弟,1328,7,33,0
adroit,巧,1329,5,33,0
nickname,号,1330,5,33,0
decay,朽,1331,6,33,0
boast,誇,1332,13,33,0
chin,顎,1333,18,33,0
dirty,汚,1334,6,33,0
bestow,与,1335,3,33,0
copy,写,1336,5,33,0
somebody,身,1337,7,34,0
shoot,射,1338,10,34,0
apologize,謝,1339,17,34,0
old man,老,1340,6,34,0
consider,考,1341,6,34,0
filial piety,孝,1342,7,34,0
teach,教,1343,11,34,0
torture,拷,1344,9,34,0
someone,者,1345,8,34,0
boil,煮,1346,12,34,0
renowned,著,1347,11,34,0
chopsticks,箸,1348,14,34,0
signature,署,1349,13,34,0
sultry,暑,1350,12,34,0
various,諸,1351,15,34,0
boar,猪,1352,11,34,0
strand,渚,1353,11,34,0
gamble,賭,1354,15,34,0
gorge,峡,1355,9,34,0
cramped,狭,1356,9,34,0
sandwiched,挟,1357,9,34,0
cheek,頬,1358,15,34,0
chase,追,1359,9,34,0
large hill,阜,1360,8,34,0
expert,師,1361,10,34,0
commander,帥,1362,9,34,0
bureaucrat,官,1363,8,34,0
coffin,棺,1364,12,34,0
pipe,管,1365,14,34,0
father,父,1366,4,34,0
cauldron,釜,1367,10,34,0
mingle,交,1368,6,34,0
merit,効,1369,8,34,0
contrast,較,1370,13,34,0
exam,校,1371,10,34,0
leg,足,1372,7,34,0
stimulate,促,1373,9,34,0
nab,捉,1374,10,34,0
long-distance,距,1375,12,34,0
path,路,1376,13,34,0
dew,露,1377,21,34,0
hop,跳,1378,13,34,0
leap,躍,1379,21,34,0
tread,践,1380,13,34,0
step,踏,1381,15,34,0
trail,踪,1382,15,34,0
skeleton,骨,1383,10,34,0
slippery,滑,1384,13,34,0
marrow,髄,1385,19,34,0
calamity,禍,1386,13,34,0
whirlpool,渦,1387,12,34,0
pot,鍋,1388,17,34,0
overdo,過,1389,12,34,0
Heights,阪,1390,7,35,0
Africa,阿,1391,8,35,0
occasion,際,1392,14,35,0
hinder,障,1393,14,35,0
chink,隙,1394,13,35,0
follow,随,1395,12,35,0
auxiliary,陪,1396,11,35,0
sunshine,陽,1397,12,35,0
line up,陳,1398,11,35,0
ward off,防,1399,7,35,0
affixed,附,1400,8,35,0
Inst.,院,1401,10,35,0
camp,陣,1402,10,35,0
regiment,隊,1403,12,35,0
crash,墜,1404,15,35,0
descend,降,1405,10,35,0
story,階,1406,12,35,0
highness,陛,1407,10,35,0
neighboring,隣,1408,16,35,0
isolate,隔,1409,13,35,0
conceal,隠,1410,14,35,0
degenerate,堕,1411,12,35,0
collapse,陥,1412,10,35,0
hole,穴,1413,5,35,0
empty,空,1414,8,35,0
withdraw,控,1415,11,35,0
stab,突,1416,8,35,0
research,究,1417,7,35,0
plug up,窒,1418,11,35,0
stealth,窃,1419,9,35,0
cavern,窟,1420,13,35,0
depression,窪,1421,14,35,0
squeeze,搾,1422,13,35,0
kiln,窯,1423,15,35,0
hard up,窮,1424,15,35,0
grope,探,1425,11,35,0
deep,深,1426,11,35,0
hill,丘,1427,5,35,0
Point,岳,1428,8,35,0
soldier,兵,1429,7,35,0
seacoast,浜,1430,10,35,0
thread,糸,1431,6,36,0
weave,織,1432,18,36,0
darning,繕,1433,18,36,0
shrink,縮,1434,17,36,0
luxuriant,繁,1435,16,36,0
vertical,縦,1436,16,36,0
fine,緻,1437,16,36,0
line,線,1438,15,36,0
come apart at the seams,綻,1439,14,36,0
tighten,締,1440,15,36,0
fiber,維,1441,14,36,0
gauze,羅,1442,19,36,0
practice,練,1443,14,36,0
thong,緒,1444,14,36,0
continue,続,1445,13,36,0
picture,絵,1446,12,36,0
overall,統,1447,12,36,0
strangle,絞,1448,12,36,0
salary,給,1449,12,36,0
entwine,絡,1450,12,36,0
tie,結,1451,12,36,0
end,終,1452,11,36,0
class,級,1453,9,36,0
chronicle,紀,1454,9,36,0
crimson,紅,1455,9,36,0
settlement,納,1456,10,36,0
spinning,紡,1457,10,36,0
distract,紛,1458,10,36,0
introduce,紹,1459,11,36,0
sutra,経,1460,11,36,0
sire,紳,1461,11,36,0
promise,約,1462,9,36,0
dainty,細,1463,11,36,0
accumulate,累,1464,11,36,0
cord,索,1465,10,36,0
general,総,1466,14,36,0
cotton,綿,1467,14,36,0
silk,絹,1468,13,36,0
winding,繰,1469,19,36,0
inherit,継,1470,13,36,0
green,緑,1471,14,36,0
affinity,縁,1472,15,36,0
netting,網,1473,14,36,0
tense,緊,1474,15,36,0
purple,紫,1475,12,36,0
truss,縛,1476,16,36,0
straw rope,縄,1477,15,36,0
infancy,幼,1478,5,36,0
behind,後,1479,9,36,0
faint,幽,1480,9,36,0
how many,幾,1481,12,36,0
mechanism,機,1482,16,36,0
capital suburbs,畿,1483,15,36,0
mysterious,玄,1484,5,36,0
livestock,畜,1485,10,36,0
amass,蓄,1486,13,36,0
bowstring,弦,1487,8,36,0
hug,擁,1488,16,36,0
nourishing,滋,1489,12,36,0
mercy,慈,1490,13,36,0
magnet,磁,1491,14,36,0
lineage,系,1492,7,36,0
person in charge,係,1493,9,36,0
grandchild,孫,1494,10,36,0
suspend,懸,1495,20,36,0
modest,遜,1496,13,36,0
instead,却,1497,7,37,0
shins,脚,1498,11,37,0
wholesale,卸,1499,9,37,0
honorable,御,1500,12,37,0
clothing,服,1501,8,37,0
fate,命,1502,8,37,0
orders,令,1503,5,37,0
zero,零,1504,13,37,0
age,齢,1505,17,37,0
cool,冷,1506,7,37,0
jurisdiction,領,1507,14,37,0
small bell,鈴,1508,13,37,0
courage,勇,1509,9,37,0
bubble up,湧,1510,12,37,0
traffic,通,1511,10,37,0
jump,踊,1512,14,37,0
doubt,疑,1513,14,37,0
mimic,擬,1514,17,37,0
congeal,凝,1515,16,37,0
pattern,範,1516,15,37,0
crime,犯,1517,5,37,0
widespread,氾,1518,5,37,0
unlucky,厄,1519,4,37,0
dangerous,危,1520,6,37,0
address,宛,1521,8,37,0
arm,腕,1522,12,37,0
garden,苑,1523,8,37,0
grudge,怨,1524,9,37,0
willow,柳,1525,9,37,0
egg,卵,1526,7,37,0
detain,留,1527,10,37,0
marine blue,瑠,1528,14,37,0
trade,貿,1529,12,37,0
stamp,印,1530,6,37,0
mortar,臼,1531,6,37,0
break,毀,1532,13,37,0
entertain,興,1533,16,37,0
sign of the bird,酉,1534,7,38,0
sake,酒,1535,10,38,0
bartending,酌,1536,10,38,0
hooch,酎,1537,10,38,0
fermentation,酵,1538,14,38,0
cruel,酷,1539,14,38,0
repay,酬,1540,13,38,0
dairy products,酪,1541,13,38,0
vinegar,酢,1542,12,38,0
drunk,酔,1543,11,38,0
distribute,配,1544,10,38,0
acid,酸,1545,14,38,0
waver,猶,1546,12,38,0
revered,尊,1547,12,38,0
beans,豆,1548,7,38,0
head,頭,1549,16,38,0
short,短,1550,12,38,0
bountiful,豊,1551,13,38,0
drum,鼓,1552,13,38,0
rejoice,喜,1553,12,38,0
timber-trees,樹,1554,16,38,0
dish,皿,1555,5,38,0
blood,血,1556,6,38,0
basin,盆,1557,9,38,0
alliance,盟,1558,13,38,0
steal,盗,1559,11,38,0
warm,温,1560,12,38,0
lid,蓋,1561,13,38,0
oversee,監,1562,15,38,0
overflow,濫,1563,18,38,0
specimen,鑑,1564,23,38,0
indigo,藍,1565,18,38,0
fierce,猛,1566,11,38,0
boom,盛,1567,11,38,0
salt,塩,1568,13,38,0
silver,銀,1569,14,38,0
resentment,恨,1570,9,38,0
root,根,1571,10,38,0
instant,即,1572,7,38,0
baron,爵,1573,17,38,0
node,節,1574,13,38,0
retreat,退,1575,9,38,0
limit,限,1576,9,38,0
eyeball,眼,1577,11,38,0
good,良,1578,7,38,0
melodious,朗,1579,10,38,0
wandering,浪,1580,10,38,0
daughter,娘,1581,10,38,0
eat,食,1582,9,38,0
meal,飯,1583,12,38,0
drink,飲,1584,12,38,0
hungry,飢,1585,10,38,0
starve,餓,1586,15,38,0
decorate,飾,1587,13,38,0
feed,餌,1588,14,38,0
Bldg.,館,1589,16,38,0
mochi,餅,1590,14,38,0
foster,養,1591,15,38,0
sated,飽,1592,13,38,0
previously,既,1593,10,38,0
outline,概,1594,14,38,0
rue,慨,1595,13,38,0
even,平,1596,5,39,0
call,呼,1597,8,39,0
two-mat area,坪,1598,8,39,0
evaluate,評,1599,12,39,0
reap,刈,1600,4,39,0
moment,刹,1601,8,39,0
hope,希,1602,7,39,0
villain,凶,1603,4,39,0
bosom,胸,1604,10,39,0
detach,離,1605,18,39,0
crystal,璃,1606,14,39,0
kill,殺,1607,10,39,0
bracing,爽,1608,11,39,0
genuine,純,1609,10,39,0
immediate,頓,1610,13,39,0
dull,鈍,1611,12,39,0
spicy,辛,1612,7,39,0
resign,辞,1613,13,39,0
catalpa,梓,1614,11,39,0
superintend,宰,1615,10,39,0
wall,壁,1616,16,39,0
holed gem,璧,1617,18,39,0
evade,避,1618,16,39,0
new,新,1619,13,39,0
firewood,薪,1620,16,39,0
parent,親,1621,16,39,0
happiness,幸,1622,8,39,0
tenacious,執,1623,11,39,0
clasp,摯,1624,15,39,0
report,報,1625,12,39,0
shout,叫,1626,6,39,0
twist,糾,1627,9,39,0
income,収,1628,5,39,0
lowly,卑,1629,9,39,0
tombstone,碑,1630,14,39,0
land,陸,1631,11,39,0
intimate,睦,1632,13,39,0
forces,勢,1633,13,39,0
heat,熱,1634,15,39,0
diamond,菱,1635,11,39,0
mausoleum,陵,1636,11,39,0
sign of the hog,亥,1637,6,39,0
nucleus,核,1638,10,39,0
engrave,刻,1639,8,39,0
above-stated,該,1640,13,39,0
remains,骸,1641,16,39,0
censure,劾,1642,8,39,0
mention,述,1643,8,39,0
art,術,1644,11,39,0
cold,寒,1645,12,39,0
block up,塞,1646,13,39,0
brew,醸,1647,20,39,0
defer,譲,1648,20,39,0
lot,壌,1649,16,39,0
lass,嬢,1650,16,39,0
poison,毒,1651,8,40,0
elementary,素,1652,10,40,0
barley,麦,1653,7,40,0
blue,青,1654,8,40,0
refined,精,1655,14,40,0
solicit,請,1656,15,40,0
feelings,情,1657,11,40,0
clear up,晴,1658,12,40,0
pure,清,1659,11,40,0
quiet,静,1660,14,40,0
blame,責,1661,11,40,0
exploits,績,1662,17,40,0
volume,積,1663,16,40,0
bond,債,1664,13,40,0
pickling,漬,1665,14,40,0
surface,表,1666,8,40,0
bag,俵,1667,10,40,0
undefiled,潔,1668,15,40,0
pledge,契,1669,9,40,0
consume,喫,1670,12,40,0
harm,害,1671,10,40,0
control,轄,1672,17,40,0
proportion,割,1673,12,40,0
constitution,憲,1674,16,40,0
life,生,1675,5,40,0
star,星,1676,9,40,0
awakening,醒,1677,16,40,0
surname,姓,1678,8,40,0
sex,性,1679,8,40,0
animal sacrifice,牲,1680,9,40,0
products,産,1681,11,40,0
hump,隆,1682,11,40,0
summit,峰,1683,10,40,0
bee,蜂,1684,13,40,0
sew,縫,1685,16,40,0
worship,拝,1686,8,40,0
longevity,寿,1687,7,40,0
casting,鋳,1688,15,40,0
enroll,籍,1689,20,40,0
springtime,春,1690,9,40,0
camellia,椿,1691,13,40,0
peaceful,泰,1692,10,40,0
play music,奏,1693,9,40,0
reality,実,1694,8,40,0
dedicate,奉,1695,8,40,0
stipend,俸,1696,10,40,0
rod,棒,1697,12,40,0
discreet,謹,1698,17,40,0
trifle,僅,1699,12,40,0
diligence,勤,1700,12,40,0
Sino-,漢,1701,13,40,0
sigh,嘆,1702,13,40,0
difficult,難,1703,18,40,0
splendor,華,1704,10,40,0
droop,垂,1705,8,40,0
saliva,唾,1706,11,40,0
drowsy,睡,1707,13,40,0
spindle,錘,1708,16,40,0
ride,乗,1709,9,40,0
surplus,剰,1710,11,40,0
now,今,1711,4,41,0
include,含,1712,7,41,0
covet,貪,1713,11,41,0
versify,吟,1714,7,41,0
wish,念,1715,8,41,0
wrench,捻,1716,11,41,0
harp,琴,1717,12,41,0
shade,陰,1718,11,41,0
beforehand,予,1719,4,41,0
preface,序,1720,7,41,0
deposit,預,1721,13,41,0
plains,野,1722,11,41,0
concurrently,兼,1723,10,41,0
dislike,嫌,1724,13,41,0
sickle,鎌,1725,18,41,0
self-effacing,謙,1726,17,41,0
bargain,廉,1727,13,41,0
west,西,1728,6,41,0
value,価,1729,8,41,0
need,要,1730,9,41,0
loins,腰,1731,13,41,0
ballot,票,1732,11,41,0
drift,漂,1733,14,41,0
signpost,標,1734,15,41,0
chestnut,栗,1735,10,41,0
shudder,慄,1736,13,41,0
transition,遷,1737,15,41,0
capsize,覆,1738,18,41,0
smoke,煙,1739,13,41,0
south,南,1740,9,41,0
camphor tree,楠,1741,13,41,0
offering,献,1742,13,41,0
gates,門,1743,8,42,0
question,問,1744,11,42,0
review,閲,1745,15,42,0
clique,閥,1746,14,42,0
interval,間,1747,12,42,0
pitch dark,闇,1748,17,42,0
simplicity,簡,1749,18,42,0
open,開,1750,12,42,0
closed,閉,1751,11,42,0
tower,閣,1752,14,42,0
leisure,閑,1753,12,42,0
hear,聞,1754,14,42,0
wet,潤,1755,15,42,0
column,欄,1756,20,42,0
fight,闘,1757,18,42,0
godown,倉,1758,10,42,0
genesis,創,1759,12,42,0
un-,非,1760,8,42,0
haiku,俳,1761,10,42,0
repudiate,排,1762,11,42,0
sad,悲,1763,12,42,0
guilt,罪,1764,13,42,0
comrade,輩,1765,15,42,0
front door,扉,1766,12,42,0
marquis,侯,1767,9,42,0
throat,喉,1768,12,42,0
climate,候,1769,10,42,0
decide,決,1770,7,42,0
cheerful,快,1771,7,42,0
admirable,偉,1772,12,42,0
difference,違,1773,13,42,0
horizontal,緯,1774,16,42,0
defense,衛,1775,16,42,0
Korea,韓,1776,18,42,0
dry,干,1777,3,43,0
liver,肝,1778,7,43,0
publish,刊,1779,5,43,0
sweat,汗,1780,6,43,0
flats,軒,1781,10,43,0
beach,岸,1782,8,43,0
tree trunk,幹,1783,13,43,0
potato,芋,1784,6,43,0
eaves,宇,1785,6,43,0
too much,余,1786,7,43,0
exclude,除,1787,10,43,0
gradually,徐,1788,10,43,0
confer,叙,1789,9,43,0
route,途,1790,10,43,0
diagonal,斜,1791,11,43,0
paint,塗,1792,13,43,0
bundle,束,1793,7,43,0
trust,頼,1794,16,43,0
rapids,瀬,1795,19,43,0
imperial order,勅,1796,9,43,0
alienate,疎,1797,12,43,0
bitter,辣,1798,14,43,0
quick,速,1799,10,43,0
organize,整,1800,16,43,0
saber,剣,1801,10,43,0
precipitous,険,1802,11,43,0
examination,検,1803,12,43,0
frugal,倹,1804,10,43,0
heavy,重,1805,9,43,0
move,動,1806,11,43,0
tumor,腫,1807,13,43,0
meritorious deed,勲,1808,15,43,0
work,働,1809,13,43,0
species,種,1810,14,43,0
collide,衝,1811,15,43,0
fragrant,薫,1812,16,43,0
ill,病,1813,10,44,0
stupid,痴,1814,13,44,0
pox,痘,1815,12,44,0
symptoms,症,1816,10,44,0
carbuncle,瘍,1817,14,44,0
lose weight,痩,1818,12,44,0
rapidly,疾,1819,10,44,0
envy,嫉,1820,13,44,0
diarrhea,痢,1821,12,44,0
scar,痕,1822,11,44,0
tired,疲,1823,10,44,0
epidemic,疫,1824,9,44,0
pain,痛,1825,12,44,0
mannerism,癖,1826,18,44,0
hide,匿,1827,10,44,0
artisan,匠,1828,6,44,0
doctor,医,1829,7,44,0
equal,匹,1830,4,44,0
ward,区,1831,4,44,0
hinge,枢,1832,8,44,0
assault,殴,1833,8,44,0
Europe,欧,1834,8,44,0
repress,抑,1835,7,44,0
faceup,仰,1836,6,44,0
welcome,迎,1837,7,44,0
ascend,登,1838,12,44,0
lucidity,澄,1839,15,44,0
discharge,発,1840,9,44,0
abolish,廃,1841,12,44,0
colleague,僚,1842,14,44,0
obvious,瞭,1843,17,44,0
dormitory,寮,1844,15,44,0
heal,療,1845,17,44,0
carve,彫,1846,11,45,0
shape,形,1847,7,45,0
shadow,影,1848,15,45,0
cedar,杉,1849,7,45,0
coloring,彩,1850,11,45,0
patent,彰,1851,14,45,0
lad,彦,1852,9,45,0
face,顔,1853,18,45,0
ought,須,1854,12,45,0
swell,膨,1855,16,45,0
visit,参,1856,8,45,0
wretched,惨,1857,11,45,0
discipline,修,1858,10,45,0
rare,珍,1859,9,45,0
checkup,診,1860,12,45,0
sentence,文,1861,4,45,0
vis-a-vis,対,1862,7,45,0
family crest,紋,1863,10,45,0
mosquito,蚊,1864,10,45,0
speckled,斑,1865,12,45,0
adjusted,斉,1866,8,45,0
dose,剤,1867,10,45,0
finish,済,1868,11,45,0
purification,斎,1869,11,45,0
solemn,粛,1870,11,45,0
bases,塁,1871,12,45,0
music,楽,1872,13,45,0
medicine,薬,1873,16,45,0
ratio,率,1874,11,45,0
astringent,渋,1875,11,45,0
vicarious,摂,1876,13,45,0
center,央,1877,5,45,0
England,英,1878,8,45,0
reflect,映,1879,9,45,0
red,赤,1880,7,45,0
pardon,赦,1881,11,45,0
unusual,変,1882,9,45,0
tracks,跡,1883,13,45,0
barbarian,蛮,1884,12,45,0
romance,恋,1885,10,45,0
gulf,湾,1886,12,45,0
yellow,黄,1887,11,45,0
sideways,横,1888,15,45,0
grasp,把,1889,7,45,0
color,色,1890,6,45,0
discontinue,絶,1891,12,45,0
glossy,艶,1892,19,45,0
fertilizer,肥,1893,8,45,0
sweet,甘,1894,5,46,0
navy blue,紺,1895,11,46,0
so-and-so,某,1896,9,46,0
conspire,謀,1897,16,46,0
mediator,媒,1898,12,46,0
deceit,欺,1899,12,46,0
chess piece,棋,1900,12,46,0
national flag,旗,1901,14,46,0
period,期,1902,12,46,0
Go,碁,1903,13,46,0
fundamentals,基,1904,11,46,0
tremendously,甚,1905,9,46,0
intuition,勘,1906,11,46,0
withstand,堪,1907,12,46,0
precious,貴,1908,12,46,0
bequeath,遺,1909,15,46,0
dispatch,遣,1910,13,46,0
defile,潰,1911,15,46,0
dance,舞,1912,15,46,0
nothingness,無,1913,12,46,0
association,組,1914,11,47,0
coarse,粗,1915,11,47,0
tariff,租,1916,10,47,0
aim at,狙,1917,8,47,0
ancestor,祖,1918,9,47,0
thwart,阻,1919,8,47,0
investigate,査,1920,9,47,0
help,助,1921,7,47,0
best regards,宜,1922,8,47,0
tatami mat,畳,1923,12,47,0
row,並,1924,8,47,0
universal,普,1925,12,47,0
musical score,譜,1926,19,47,0
damp,湿,1927,12,47,0
appear,顕,1928,18,47,0
slender,繊,1929,17,47,0
spirits,霊,1930,15,47,0
profession,業,1931,13,47,0
slap,撲,1932,15,47,0
me,僕,1933,14,47,0
together,共,1934,6,47,0
submit,供,1935,8,47,0
uncommon,異,1936,11,47,0
wing,翼,1937,17,47,0
accept humbly,戴,1938,17,47,0
deluge,洪,1939,9,47,0
harbor,港,1940,12,47,0
outburst,暴,1941,15,47,0
bomb,爆,1942,19,47,0
respect,恭,1943,10,47,0
elect,選,1944,15,47,0
Mr.,殿,1945,13,47,0
well,井,1946,4,48,0
donburi,丼,1947,5,48,0
surround,囲,1948,7,48,0
till,耕,1949,10,48,0
Asia,亜,1950,7,48,0
bad,悪,1951,11,48,0
circle,円,1952,4,48,0
angle,角,1953,7,48,0
contact,触,1954,13,48,0
unravel,解,1955,13,48,0
again,再,1956,6,48,0
lecture,講,1957,17,48,0
subscription,購,1958,17,48,0
posture,構,1959,14,48,0
gutter,溝,1960,13,48,0
argument,論,1961,15,48,0
ethics,倫,1962,10,48,0
wheel,輪,1963,15,48,0
partial,偏,1964,11,48,0
everywhere,遍,1965,12,48,0
compilation,編,1966,15,48,0
tome,冊,1967,5,48,0
palisade,柵,1968,9,48,0
code,典,1969,8,48,0
family name,氏,1970,4,49,0
paper,紙,1971,10,49,0
marriage,婚,1972,11,49,0
lower,低,1973,7,49,0
resist,抵,1974,8,49,0
bottom,底,1975,8,49,0
people,民,1976,5,49,0
sleep,眠,1977,10,49,0
catch,捕,1978,10,49,0
suckle,哺,1979,10,49,0
bay,浦,1980,10,49,0
bullrush,蒲,1981,13,49,0
shop,舗,1982,15,49,0
supplement,補,1983,12,49,0
residence,邸,1984,8,49,0
enclosure,郭,1985,11,49,0
county,郡,1986,10,49,0
outskirts,郊,1987,9,49,0
section,部,1988,11,49,0
metropolis,都,1989,11,49,0
mail,郵,1990,11,49,0
home country,邦,1991,7,49,0
interrogative,那,1992,7,49,0
hometown,郷,1993,11,49,0
echo,響,1994,20,49,0
son,郎,1995,9,49,0
corridor,廊,1996,12,49,0
shield,盾,1997,9,50,0
sequential,循,1998,12,50,0
faction,派,1999,9,50,0
vein,脈,2000,10,50,0
masses,衆,2001,12,50,0
parcel post,逓,2002,10,50,0
grade,段,2003,9,50,0
forge,鍛,2004,17,50,0
empress,后,2005,6,50,0
phantasm,幻,2006,4,50,0
director,司,2007,5,50,0
pay respects,伺,2008,7,50,0
parts of speech,詞,2009,12,50,0
domesticate,飼,2010,13,50,0
heir,嗣,2011,13,50,0
boat,舟,2012,6,50,0
liner,舶,2013,11,50,0
navigate,航,2014,10,50,0
gunwale,舷,2015,11,50,0
carrier,般,2016,10,50,0
tray,盤,2017,15,50,0
conveyor,搬,2018,13,50,0
ship,船,2019,11,50,0
warship,艦,2020,21,50,0
rowboat,艇,2021,13,50,0
melon,瓜,2022,6,50,0
arc,弧,2023,9,50,0
orphan,孤,2024,9,50,0
cocoon,繭,2025,18,51,0
benefit,益,2026,10,51,0
spare time,暇,2027,13,51,0
spread,敷,2028,15,51,0
come,来,2029,7,51,0
spirit,気,2030,6,51,0
vapor,汽,2031,7,51,0
fly,飛,2032,9,51,0
sink,沈,2033,7,51,0
pillow,枕,2034,8,51,0
wife,妻,2035,8,51,0
nifty,凄,2036,10,51,0
decline,衰,2037,10,51,0
inmost,衷,2038,9,51,0
mask,面,2039,9,51,0
noodles,麺,2040,16,51,0
leather,革,2041,9,51,0
shoes,靴,2042,13,51,0
hegemony,覇,2043,19,51,0
voice,声,2044,7,51,0
eyebrow,眉,2045,9,51,0
give,呉,2046,7,51,0
recreation,娯,2047,10,51,0
mistake,誤,2048,14,51,0
steam,蒸,2049,13,51,0
acquiesce,承,2050,8,51,0
bin,函,2051,8,51,0
poles,極,2052,12,51,0
tusk,牙,2053,4,52,0
bud,芽,2054,8,52,0
wicked,邪,2055,8,52,0
gracious,雅,2056,13,52,0
interpretation,釈,2057,11,52,0
turn,番,2058,12,52,0
hearing,審,2059,15,52,0
flip,翻,2060,18,52,0
clan,藩,2061,18,52,0
fur,毛,2062,4,52,0
decrease,耗,2063,10,52,0
tail,尾,2064,7,52,0
home,宅,2065,6,52,0
consign,託,2066,10,52,0
do,為,2067,9,52,0
falsehood,偽,2068,11,52,0
apprehensive,畏,2069,9,52,0
long,長,2070,8,52,0
lengthen,張,2071,11,52,0
notebook,帳,2072,11,52,0
dilate,脹,2073,12,52,0
hair of the head,髪,2074,14,52,0
unfold,展,2075,10,52,0
miss,喪,2076,12,52,0
nest,巣,2077,11,53,0
simple,単,2078,9,53,0
war,戦,2079,13,53,0
Zen,禅,2080,13,53,0
bullet,弾,2081,12,53,0
cherry tree,桜,2082,10,53,0
animal,獣,2083,16,53,0
brain,脳,2084,11,53,0
trouble,悩,2085,10,53,0
stern,厳,2086,17,53,0
chain,鎖,2087,18,53,0
raise,挙,2088,10,53,0
reputation,誉,2089,13,53,0
game hunting,猟,2090,11,53,0
bird,鳥,2091,11,53,0
chirp,鳴,2092,14,53,0
crane,鶴,2093,21,53,0
crow,烏,2094,10,53,0
vine,蔦,2095,14,53,0
pigeon,鳩,2096,13,53,0
chicken,鶏,2097,19,53,0
island,島,2098,10,53,0
warmth,暖,2099,13,53,0
beautiful woman,媛,2100,12,53,0
abet,援,2101,12,53,0
slacken,緩,2102,15,53,0
belong,属,2103,12,53,0
entrust,嘱,2104,15,53,0
accidentally,偶,2105,11,53,0
interview,遇,2106,12,53,0
foolish,愚,2107,13,53,0
corner,隅,2108,12,53,0
inverted,逆,2109,9,53,0
model,塑,2110,13,53,0
go upstream,遡,2111,13,53,0
Mount,岡,2112,8,53,0
steel,鋼,2113,16,53,0
hawser,綱,2114,14,53,0
sturdy,剛,2115,10,53,0
tin can,缶,2116,6,53,0
pottery,陶,2117,11,53,0
swing,揺,2118,12,53,0
Noh chanting,謡,2119,16,53,0
gloom,鬱,2120,29,53,0
concerning,就,2121,12,53,0
kick,蹴,2122,19,53,0
sociable,懇,2123,17,53,0
groundbreaking,墾,2124,16,53,0
countenance,貌,2125,14,53,0
excuse,免,2126,8,53,0
elude,逸,2127,11,53,0
nightfall,晩,2128,12,53,0
exertion,勉,2129,10,53,0
elephant,象,2130,12,53,0
statue,像,2131,14,53,0
horse,馬,2132,10,54,0
pony,駒,2133,15,54,0
verification,験,2134,18,54,0
equestrian,騎,2135,18,54,0
parking,駐,2136,15,54,0
drive,駆,2137,14,54,0
station,駅,2138,14,54,0
boisterous,騒,2139,18,54,0
burdensome,駄,2140,14,54,0
wonder,驚,2141,22,54,0
fervent,篤,2142,16,54,0
insult,罵,2143,15,54,0
inflation,騰,2144,20,54,0
tiger,虎,2145,8,54,0
captive,虜,2146,13,54,0
skin,膚,2147,15,54,0
void,虚,2148,11,54,0
frolic,戯,2149,15,54,0
uneasiness,虞,2150,13,54,0
prudence,慮,2151,15,54,0
drama,劇,2152,15,54,0
tyrannize,虐,2153,9,54,0
deer,鹿,2154,11,54,0
foot of a mountain,麓,2155,19,54,0
recommend,薦,2156,16,54,0
jubilation,慶,2157,15,54,0
lovely,麗,2158,19,54,0
bear,熊,2159,14,54,0
ability,能,2160,10,54,0
attitude,態,2161,14,54,0
sign of the tiger,寅,2162,11,55,0
performance,演,2163,14,55,0
sign of the dragon,辰,2164,7,55,0
embarrass,辱,2165,10,55,0
quake,震,2166,15,55,0
shake,振,2167,10,55,0
with child,娠,2168,10,55,0
lips,唇,2169,10,55,0
agriculture,農,2170,13,55,0
concentrated,濃,2171,16,55,0
send off,送,2172,9,55,0
connection,関,2173,14,55,0
blossom,咲,2174,9,55,0
ghost,鬼,2175,10,55,0
ugly,醜,2176,17,55,0
soul,魂,2177,14,55,0
witch,魔,2178,21,55,0
fascination,魅,2179,15,55,0
clod,塊,2180,13,55,0
attack,襲,2181,22,55,0
upbraid,嚇,2182,17,56,0
majestic plural,朕,2183,10,56,0
atmosphere,雰,2184,12,56,0
item,箇,2185,14,56,0
tempering,錬,2186,16,56,0
abide by,遵,2187,15,56,0
quit,罷,2188,15,56,0
barracks,屯,2189,4,56,0
moreover,且,2190,5,56,0
seaweed,藻,2191,19,56,0
slave,隷,2192,16,56,0
healing,癒,2193,18,56,0
imperial seal,璽,2194,19,56,0
lagoon,潟,2195,15,56,0
cinnabar,丹,2196,4,56,0
sign of the cow,丑,2197,4,56,0
humiliate,羞,2198,11,56,0
sign of the hare,卯,2199,5,56,0
sign of the snake,巳,2200,3,56,0
